playlist_name,duration_min
ATL w/Melissa,3.808266666666667
To listen to 8/2,3.607164492753623
You are safe,4.507170833333333
a love letter to little me,3.388137931034483
coming of age online,4.1778146666666665
current nov22,2.9165500000000004
currents,3.594045
dance,3.4964256666666667
to lay on the floor,3.3346555555555555
wedding playlist,2.770883333333333
wedding playlist 2,3.2776833333333335
